{
  "project_info": {
    "project_number": "1031378341773",
    "project_id": "isl-learning-app",
    "storage_bucket": "isl-learning-app.firebasestorage.app"
  },
  "client": [
    {
      "client_info": {
        "mobilesdk_app_id": "1:1031378341773:android:2cd9bc0db735b5a7d377c4",
        "android_client_info": {
          "package_name": "com.example.isllearningapp"
        }
      },
      "oauth_client": [],
      "api_key": [
        {
          "current_key": "AIzaSyCLjI9iKW0k1wzNUDqc16IsG8UO-nUeNVQ"
        }
      ],
      "services": {
        "appinvite_service": {
          "other_platform_oauth_client": []
        }
      }
    }
  ],
  "configuration_version": "1"
}